server_time,esp_timestamp,ssid,mac,rssi
2025-11-24T10:36:32.163734,1763976966,PPIAdmin,04:D9:F5:74:E0:B0,-83
2025-11-24T10:37:06.242676,1763977023,eduspot,58:97:BD:D0:96:60,-79
2025-11-24T10:37:06.756009,1763977023,eduroam,58:97:BD:D0:96:62,-79
2025-11-24T10:37:07.389923,1763977023,CONGRES,58:97:BD:D0:96:61,-79
2025-11-24T10:37:07.796664,1763977023,SCAI,58:97:BD:D0:96:63,-79
2025-11-24T10:37:08.288813,1763977023,eduroam,58:97:BD:CD:9C:62,-90
2025-11-24T10:37:08.817754,1763977023,SCAI,58:97:BD:CD:9C:63,-92
2025-11-24T10:37:42.640402,1763977060,eduspot,58:97:BD:D0:96:60,-78
2025-11-24T10:37:43.211942,1763977060,SCAI,58:97:BD:D0:96:63,-78
2025-11-24T10:37:44.135590,1763977060,eduroam,58:97:BD:D0:96:62,-78
2025-11-24T10:37:44.768482,1763977060,CONGRES,58:97:BD:D0:96:61,-79
2025-11-24T10:37:45.255137,1763977060,CONGRES,58:97:BD:CD:9C:61,-89
2025-11-24T10:38:19.103818,1763977096,eduroam,58:97:BD:D0:96:62,-79
2025-11-24T10:38:19.457994,1763977096,eduspot,58:97:BD:D0:96:60,-80
2025-11-24T10:38:19.973146,1763977096,CONGRES,58:97:BD:D0:96:61,-80
2025-11-24T10:38:20.502369,1763977096,SCAI,58:97:BD:D0:96:63,-80
2025-11-24T10:38:21.182376,1763977096,eduroam,58:97:BD:CD:9C:62,-88
2025-11-24T10:39:31.158577,1763977168,eduroam,58:97:BD:D0:96:62,-78
2025-11-24T10:39:31.643123,1763977168,eduspot,58:97:BD:D0:96:60,-78
2025-11-24T10:39:32.207234,1763977168,CONGRES,58:97:BD:D0:96:61,-78
2025-11-24T10:39:32.677601,1763977168,SCAI,58:97:BD:D0:96:63,-79
2025-11-24T10:39:33.163732,1763977168,eduspot,58:97:BD:CD:9C:60,-85
2025-11-24T10:39:33.599580,1763977168,SCAI,58:97:BD:CD:9C:63,-86
2025-11-24T10:39:34.048413,1763977168,eduroam,58:97:BD:CD:9C:62,-89
2025-11-24T10:39:34.742511,1763977168,CONGRES,E4:AA:5D:E9:D4:01,-92
2025-11-24T10:40:09.338130,1763977206,CONGRES,58:97:BD:D0:96:61,-81
2025-11-24T10:40:10.210059,1763977206,eduspot,58:97:BD:D0:96:60,-81
2025-11-24T10:40:11.187955,1763977206,SCAI,58:97:BD:D0:96:63,-81
2025-11-24T10:40:45.173699,1763977242,eduroam,58:97:BD:D0:96:62,-80
2025-11-24T10:40:45.585595,1763977242,CONGRES,58:97:BD:D0:96:61,-80
2025-11-24T10:40:46.157727,1763977242,eduspot,58:97:BD:D0:96:60,-80
2025-11-24T10:40:46.508461,1763977242,SCAI,58:97:BD:D0:96:63,-80
2025-11-24T10:40:47.432108,1763977242,eduroam,58:97:BD:CD:9C:62,-87
2025-11-24T10:40:48.063812,1763977242,CONGRES,58:97:BD:CD:9C:61,-92
2025-11-24T10:41:22.166577,1763977279,eduspot,58:97:BD:D0:96:60,-78
2025-11-24T10:41:22.555947,1763977279,eduroam,58:97:BD:D0:96:62,-78
2025-11-24T10:41:22.967172,1763977279,SCAI,58:97:BD:D0:96:63,-78
2025-11-24T10:41:23.484383,1763977279,CONGRES,58:97:BD:D0:96:61,-80
2025-11-24T10:41:24.576067,1763977279,PPIAdmin,04:D9:F5:74:E0:B0,-88
2025-11-24T10:41:58.414929,1763977315,eduroam,58:97:BD:D0:96:62,-78
2025-11-24T10:41:59.015352,1763977315,CONGRES,58:97:BD:D0:96:61,-78
2025-11-24T10:41:59.587759,1763977315,eduspot,58:97:BD:CD:9C:60,-88
2025-11-24T10:42:00.719403,1763977315,eduroam,E4:AA:5D:E9:D4:02,-91
2025-11-24T10:42:34.847135,1763977352,eduroam,58:97:BD:D0:96:62,-79
2025-11-24T10:42:35.893331,1763977352,SCAI,58:97:BD:D0:96:63,-81
2025-11-24T10:42:37.283417,1763977352,CONGRES,58:97:BD:D0:96:61,-81
2025-11-24T10:42:38.456030,1763977352,eduroam,58:97:BD:CD:9C:62,-89
2025-11-24T10:42:42.265086,1763977352,SCAI,58:97:BD:CD:9C:63,-89
2025-11-24T10:42:44.167339,1763977352,CONGRES,58:97:BD:CD:9C:61,-91
2025-11-24T10:42:45.355994,1763977352,SCAI,E4:AA:5D:E9:D4:03,-92
2025-11-24T10:43:19.495211,1763977396,SCAI,58:97:BD:D0:96:63,-81
2025-11-24T10:43:20.243591,1763977396,SCAI,58:97:BD:CD:9C:63,-90
2025-11-24T10:43:54.653070,1763977431,SCAI,58:97:BD:D0:96:63,-80
2025-11-24T10:43:56.135959,1763977431,eduspot,58:97:BD:D0:96:60,-80
2025-11-24T10:43:57.424209,1763977431,eduroam,58:97:BD:D0:96:62,-80
2025-11-24T10:43:58.840651,1763977431,CONGRES,58:97:BD:D0:96:61,-80
2025-11-24T10:43:59.460483,1763977431,eduspot,58:97:BD:CD:9C:60,-88
2025-11-24T10:43:59.772495,1763977431,SCAI,58:97:BD:CD:9C:63,-88
2025-11-24T10:44:00.866088,1763977431,eduroam,58:97:BD:CD:9C:62,-92
2025-11-24T10:44:34.972529,1763977472,eduroam,58:97:BD:D0:96:62,-80
2025-11-24T10:44:35.619062,1763977472,CONGRES,58:97:BD:D0:96:61,-81
2025-11-24T10:44:35.992628,1763977472,SCAI,58:97:BD:D0:96:63,-81
2025-11-24T10:44:36.547511,1763977472,eduspot,58:97:BD:D0:96:60,-82
2025-11-24T10:44:37.484547,1763977472,eduspot,58:97:BD:CD:9C:60,-90
2025-11-24T10:44:38.264703,1763977472,PPIAdmin,04:D9:F5:74:E0:B0,-93
2025-11-24T10:45:12.857548,1763977509,eduspot,58:97:BD:D0:96:60,-78
2025-11-24T10:45:13.271279,1763977509,CONGRES,58:97:BD:D0:96:61,-78
2025-11-24T10:45:14.130186,1763977509,eduroam,58:97:BD:D0:96:62,-78
2025-11-24T10:45:14.649046,1763977509,SCAI,58:97:BD:D0:96:63,-79
2025-11-24T10:45:16.155545,1763977509,CONGRES,58:97:BD:CD:9C:61,-87
2025-11-24T10:45:17.572165,1763977509,eduspot,58:97:BD:CD:9C:60,-90
2025-11-24T10:45:19.274913,1763977509,PPIAdmin,04:D9:F5:74:E0:B0,-92
2025-11-24T10:45:21.794813,1763977509,ISCD,E8:65:D4:72:F9:79,-93
2025-11-24T10:45:55.864202,1763977553,CONGRES,58:97:BD:D0:96:61,-79
2025-11-24T10:45:56.283480,1763977553,SCAI,58:97:BD:D0:96:63,-79
2025-11-24T10:45:57.009558,1763977553,eduspot,58:97:BD:D0:96:60,-79
2025-11-24T10:45:58.939346,1763977553,eduroam,58:97:BD:D0:96:62,-79
2025-11-24T10:45:59.366384,1763977553,eduspot,58:97:BD:CD:9C:60,-90
2025-11-24T10:46:33.270336,1763977590,SCAI,58:97:BD:D0:96:63,-82
2025-11-24T10:46:34.227791,1763977590,eduspot,58:97:BD:D0:96:60,-82
2025-11-24T10:46:35.088028,1763977590,CONGRES,58:97:BD:D0:96:61,-83
2025-11-24T10:47:09.294901,1763977626,CONGRES,58:97:BD:D0:96:61,-78
2025-11-24T10:47:10.414524,1763977626,eduspot,58:97:BD:D0:96:60,-80
2025-11-24T10:47:11.026598,1763977626,SCAI,58:97:BD:D0:96:63,-80
2025-11-24T10:47:11.646144,1763977626,PPIAdmin,04:D9:F5:74:E0:B0,-84
2025-11-24T10:47:12.059244,1763977626,CONGRES,58:97:BD:CD:9C:61,-90
2025-11-24T10:47:15.747508,1763977626,SCAI,58:97:BD:CD:9C:63,-91
2025-11-24T10:47:49.684950,1763977667,SCAI,58:97:BD:D0:96:63,-79
2025-11-24T10:47:50.181373,1763977667,CONGRES,58:97:BD:D0:96:61,-81
2025-11-24T10:47:51.386488,1763977667,eduroam,58:97:BD:D0:96:62,-81
2025-11-24T10:47:52.173457,1763977667,SCAI,58:97:BD:CD:9C:63,-89
2025-11-24T10:48:26.389780,1763977703,eduroam,58:97:BD:D0:96:62,-79
2025-11-24T10:48:32.149613,1763977703,SCAI,58:97:BD:D0:96:63,-79
2025-11-24T10:48:32.468649,1763977703,eduspot,58:97:BD:D0:96:60,-80
2025-11-24T10:48:33.400013,1763977703,CONGRES,58:97:BD:D0:96:61,-80
2025-11-24T10:49:08.189273,1763977744,eduroam,58:97:BD:D0:96:62,-81
2025-11-24T10:49:09.172632,1763977744,CONGRES,58:97:BD:D0:96:61,-81
2025-11-24T10:49:09.527922,1763977744,eduspot,58:97:BD:D0:96:60,-82
2025-11-24T10:49:10.226140,1763977744,SCAI,58:97:BD:CD:9C:63,-91
2025-11-24T10:49:11.265440,1763977744,eduspot,58:97:BD:CD:9C:60,-91
2025-11-24T10:49:45.561850,1763977782,SCAI,58:97:BD:D0:96:63,-79
2025-11-24T10:49:46.151904,1763977782,eduspot,58:97:BD:D0:96:60,-80
2025-11-24T10:49:46.578584,1763977782,eduroam,58:97:BD:D0:96:62,-80
2025-11-24T10:49:47.224013,1763977782,CONGRES,58:97:BD:D0:96:61,-81
2025-11-24T10:49:48.477242,1763977782,eduroam,58:97:BD:CD:9C:62,-90
2025-11-24T10:49:49.240650,1763977782,CONGRES,58:97:BD:CD:9C:61,-92
2025-11-24T10:49:50.476554,1763977782,SCAI,58:97:BD:CD:9C:63,-93
2025-11-24T10:50:24.601537,1763977821,SCAI,58:97:BD:D0:96:63,-73
2025-11-24T10:50:26.209198,1763977821,eduspot,58:97:BD:D0:96:60,-76
2025-11-24T10:50:26.654078,1763977821,eduroam,58:97:BD:D0:96:62,-76
2025-11-24T10:50:27.257107,1763977821,CONGRES,58:97:BD:D0:96:61,-76
2025-11-24T10:50:27.848254,1763977821,SCAI,58:97:BD:CD:9C:63,-89
2025-11-24T10:50:28.287092,1763977821,CONGRES,58:97:BD:CD:9C:61,-91
2025-11-24T10:51:02.053208,1763977859,CONGRES,58:97:BD:D0:96:61,-78
2025-11-24T10:51:02.664696,1763977859,eduroam,58:97:BD:D0:96:62,-79
2025-11-24T10:51:03.501996,1763977859,SCAI,58:97:BD:D0:96:63,-81
2025-11-24T10:51:03.994000,1763977859,CONGRES,58:97:BD:CD:9C:61,-86
2025-11-24T10:51:04.507317,1763977859,SCAI,58:97:BD:CD:9C:63,-87
2025-11-24T10:51:05.019900,1763977859,eduroam,58:97:BD:CD:9C:62,-87
2025-11-24T10:51:39.452766,1763977896,SCAI,58:97:BD:D0:96:63,-78
2025-11-24T10:51:40.247176,1763977896,eduspot,58:97:BD:D0:96:60,-78
2025-11-24T10:51:40.770011,1763977896,eduroam,58:97:BD:D0:96:62,-78
2025-11-24T10:51:41.270376,1763977896,eduroam,58:97:BD:CD:9C:62,-86
2025-11-24T10:51:42.137522,1763977896,SCAI,58:97:BD:CD:9C:63,-86
2025-11-24T10:51:42.505154,1763977896,eduspot,58:97:BD:CD:9C:60,-87
2025-11-24T10:51:43.010797,1763977896,PPIAdmin,04:D9:F5:74:E0:B0,-89
2025-11-24T10:52:16.932935,1763977934,eduspot,58:97:BD:D0:96:60,-80
2025-11-24T10:52:17.515217,1763977934,CONGRES,58:97:BD:D0:96:61,-80
2025-11-24T10:52:18.237864,1763977934,SCAI,58:97:BD:D0:96:63,-80
2025-11-24T10:52:18.763626,1763977934,eduroam,58:97:BD:D0:96:62,-80
2025-11-24T10:52:19.280666,1763977934,TV Master SDI,FC:F1:36:16:50:47,-89
2025-11-24T10:52:19.898630,1763977934,ISCD,E8:65:D4:72:F9:69,-96
2025-11-24T10:52:54.086615,1763977971,eduroam,58:97:BD:D0:96:62,-76
2025-11-24T10:52:54.606872,1763977971,SCAI,58:97:BD:D0:96:63,-76
2025-11-24T10:52:55.407920,1763977971,CONGRES,58:97:BD:D0:96:61,-77
2025-11-24T10:52:55.925840,1763977971,eduspot,58:97:BD:D0:96:60,-77
2025-11-24T10:52:56.451664,1763977971,eduspot,58:97:BD:07:D6:61,-87
2025-11-24T10:52:57.055317,1763977971,SCAI,58:97:BD:CD:9C:63,-90
2025-11-24T10:53:00.228818,1763977971,eduspot,58:97:BD:CD:9C:60,-90
2025-11-24T10:53:01.457901,1763977971,CONGRES,58:97:BD:CD:9C:61,-91
2025-11-24T10:53:35.144907,1763978012,eduroam,58:97:BD:D0:96:62,-80
2025-11-24T10:54:09.354527,1763978046,SCAI,58:97:BD:D0:96:63,-78
2025-11-24T10:54:09.978475,1763978046,eduspot,58:97:BD:D0:96:60,-79
2025-11-24T10:54:10.365629,1763978046,eduroam,58:97:BD:D0:96:62,-79
2025-11-24T10:54:10.860511,1763978046,CONGRES,58:97:BD:D0:96:61,-80
2025-11-24T10:54:11.393408,1763978046,SCAI,58:97:BD:CD:9C:63,-89
2025-11-24T10:54:45.828103,1763978083,SCAI,58:97:BD:D0:96:63,-75
2025-11-24T10:54:46.464190,1763978083,eduroam,58:97:BD:D0:96:62,-76
2025-11-24T10:54:46.929619,1763978083,CONGRES,58:97:BD:D0:96:61,-76
2025-11-24T10:54:47.338641,1763978083,eduspot,58:97:BD:D0:96:60,-77
2025-11-24T10:54:48.078043,1763978083,ISCD,E8:65:D4:72:F9:71,-89
2025-11-24T10:54:48.520736,1763978083,SCAI,58:97:BD:CD:9C:63,-89
2025-11-24T10:54:49.153563,1763978083,eduspot,58:97:BD:CD:9C:60,-91
2025-11-24T10:55:23.485505,1763978120,eduroam,58:97:BD:D0:96:62,-77
2025-11-24T10:55:23.994561,1763978120,SCAI,58:97:BD:D0:96:63,-79
2025-11-24T10:55:24.400055,1763978120,eduspot,58:97:BD:D0:96:60,-79
2025-11-24T10:55:24.763722,1763978120,CONGRES,58:97:BD:D0:96:61,-80
2025-11-24T10:55:25.330858,1763978120,eduspot,58:97:BD:CD:9C:60,-88
2025-11-24T10:55:28.613329,1763978120,SCAI,58:97:BD:CD:9C:63,-90
2025-11-24T10:56:02.813830,1763978160,CONGRES,58:97:BD:D0:96:61,-80
2025-11-24T10:56:03.604899,1763978160,SCAI,58:97:BD:D0:96:63,-81
2025-11-24T10:56:04.237001,1763978160,eduroam,58:97:BD:CD:9C:62,-88
2025-11-24T10:56:04.645234,1763978160,SCAI,58:97:BD:CD:9C:63,-89
2025-11-24T10:56:05.465857,1763978160,PPIAdmin,04:D9:F5:74:E0:B0,-91
2025-11-24T10:56:39.600343,1763978196,CONGRES,58:97:BD:D0:96:61,-78
2025-11-24T10:56:40.183373,1763978196,eduspot,58:97:BD:D0:96:60,-79
2025-11-24T10:56:40.478933,1763978196,eduroam,58:97:BD:D0:96:62,-79
2025-11-24T10:56:41.214209,1763978196,SCAI,58:97:BD:D0:96:63,-79
2025-11-24T10:56:41.614132,1763978196,PPIAdmin,04:D9:F5:74:E0:B0,-96
2025-11-24T10:57:15.821461,1763978233,CONGRES,58:97:BD:D0:96:61,-78
2025-11-24T10:57:16.431444,1763978233,eduspot,58:97:BD:D0:96:60,-79
2025-11-24T10:57:16.837969,1763978233,SCAI,58:97:BD:D0:96:63,-79
2025-11-24T10:57:17.374938,1763978233,PPIAdmin,04:D9:F5:74:E0:B0,-83
2025-11-24T10:57:17.789372,1763978233,TV Master SDI,FC:F1:36:16:50:47,-90
2025-11-24T10:57:51.760279,1763978269,eduspot,58:97:BD:D0:96:60,-81
2025-11-24T10:57:52.392400,1763978269,eduroam,58:97:BD:D0:96:62,-82
2025-11-24T10:57:53.021671,1763978269,CONGRES,58:97:BD:D0:96:61,-82
2025-11-24T10:57:53.603584,1763978269,CONGRES,58:97:BD:CD:9C:61,-90
2025-11-24T10:57:54.245370,1763978269,eduspot,58:97:BD:CD:9C:60,-92
2025-11-24T10:57:55.262082,1763978269,SCAI,E4:AA:5D:E9:D4:03,-94
2025-11-24T10:58:29.856268,1763978307,SCAI,58:97:BD:D0:96:63,-78
2025-11-24T10:58:30.580604,1763978307,eduspot,58:97:BD:D0:96:60,-78
2025-11-24T10:58:31.108637,1763978307,CONGRES,58:97:BD:D0:96:61,-78
2025-11-24T10:58:31.597454,1763978307,PPIAdmin,04:D9:F5:74:E0:B0,-86
2025-11-24T10:58:32.106474,1763978307,eduspot,58:97:BD:CD:9C:60,-86
2025-11-24T10:58:32.829126,1763978307,eduroam,58:97:BD:CD:9C:62,-90
2025-11-24T10:59:06.945042,1763978344,eduspot,58:97:BD:D0:96:60,-80
2025-11-24T10:59:07.332082,1763978344,SCAI,58:97:BD:D0:96:63,-81
2025-11-24T10:59:08.979365,1763978344,eduroam,58:97:BD:D0:96:62,-81
2025-11-24T10:59:09.795588,1763978344,eduspot,58:97:BD:CD:9C:60,-93
2025-11-24T10:59:43.920287,1763978381,eduspot,58:97:BD:D0:96:60,-79
2025-11-24T10:59:44.919007,1763978381,eduroam,58:97:BD:D0:96:62,-80
2025-11-24T10:59:45.410459,1763978381,CONGRES,58:97:BD:D0:96:61,-80
2025-11-24T10:59:46.040646,1763978381,SCAI,58:97:BD:D0:96:63,-80
2025-11-24T10:59:46.966714,1763978381,eduroam,58:97:BD:CD:9C:62,-90
2025-11-24T11:00:20.859816,1763978418,eduspot,58:97:BD:D0:96:60,-78
2025-11-24T11:00:21.373586,1763978418,SCAI,58:97:BD:D0:96:63,-78
2025-11-24T11:00:24.750421,1763978418,eduroam,58:97:BD:D0:96:62,-78
2025-11-24T11:00:25.087712,1763978418,CONGRES,58:97:BD:D0:96:61,-79
2025-11-24T11:00:25.780957,1763978418,CONGRES,58:97:BD:CD:9C:61,-86
2025-11-24T11:00:26.306489,1763978418,SCAI,58:97:BD:CD:9C:63,-87
2025-11-24T11:00:26.901709,1763978418,eduspot,58:97:BD:CD:9C:60,-87
2025-11-24T11:01:01.130794,1763978458,eduspot,58:97:BD:D0:96:60,-79
2025-11-24T11:01:03.070182,1763978458,eduroam,58:97:BD:D0:96:62,-80
2025-11-24T11:01:03.814296,1763978458,SCAI,58:97:BD:D0:96:63,-80
2025-11-24T11:01:04.381884,1763978458,CONGRES,58:97:BD:D0:96:61,-80
2025-11-24T11:01:38.386637,1763978495,SCAI,58:97:BD:D0:96:63,-78
2025-11-24T11:01:38.887101,1763978495,eduspot,58:97:BD:D0:96:60,-78
2025-11-24T11:01:39.965063,1763978495,eduroam,58:97:BD:D0:96:62,-78
2025-11-24T11:01:40.634888,1763978495,CONGRES,58:97:BD:D0:96:61,-79
2025-11-24T11:02:14.798853,1763978532,eduspot,58:97:BD:D0:96:60,-79
2025-11-24T11:02:15.652907,1763978532,eduroam,58:97:BD:D0:96:62,-79
2025-11-24T11:02:16.470174,1763978532,SCAI,58:97:BD:D0:96:63,-79
2025-11-24T11:02:16.891477,1763978532,CONGRES,58:97:BD:D0:96:61,-80
2025-11-24T11:02:51.081410,1763978568,CONGRES,58:97:BD:D0:96:61,-80
2025-11-24T11:02:51.810729,1763978568,SCAI,58:97:BD:D0:96:63,-80
2025-11-24T11:02:55.101042,1763978568,eduspot,58:97:BD:D0:96:60,-81
2025-11-24T11:02:56.744432,1763978568,eduroam,58:97:BD:D0:96:62,-82
2025-11-24T11:02:58.968418,1763978568,eduspot,58:97:BD:CD:9C:60,-86
2025-11-24T11:02:59.501101,1763978568,eduroam,58:97:BD:CD:9C:62,-87
2025-11-24T11:03:34.096408,1763978610,eduspot,58:97:BD:D0:96:60,-81
2025-11-24T11:03:35.019204,1763978610,SCAI,58:97:BD:D0:96:63,-81
2025-11-24T11:03:35.341070,1763978610,eduroam,58:97:BD:D0:96:62,-81
2025-11-24T11:03:35.933619,1763978610,eduspot,58:97:BD:CD:9C:60,-88
2025-11-24T11:03:36.278886,1763978610,CONGRES,58:97:BD:CD:9C:61,-88
2025-11-24T11:03:36.865267,1763978610,eduroam,58:97:BD:CD:9C:62,-90
2025-11-24T11:04:11.087666,1763978648,CONGRES,58:97:BD:D0:96:61,-78
2025-11-24T11:04:12.307421,1763978648,SCAI,58:97:BD:D0:96:63,-78
2025-11-24T11:04:13.726143,1763978648,eduspot,58:97:BD:D0:96:60,-78
2025-11-24T11:04:14.296489,1763978648,eduroam,58:97:BD:D0:96:62,-79
2025-11-24T11:04:15.165101,1763978648,eduroam,58:97:BD:CD:9C:62,-88
2025-11-24T11:04:18.100180,1763978648,eduspot,58:97:BD:CD:9C:60,-89
2025-11-24T11:04:52.371784,1763978689,CONGRES,58:97:BD:D0:96:61,-81
2025-11-24T11:04:53.301911,1763978689,eduspot,58:97:BD:D0:96:60,-82
2025-11-24T11:04:54.385642,1763978689,CONGRES,58:97:BD:CD:9C:61,-88
2025-11-24T11:04:54.889250,1763978689,eduspot,58:97:BD:07:D6:61,-89
2025-11-24T11:04:55.634155,1763978689,TV Master SDI,FC:F1:36:16:50:47,-90
2025-11-24T11:05:30.001323,1763978727,CONGRES,58:97:BD:D0:96:61,-79
2025-11-24T11:05:30.968537,1763978727,eduspot,58:97:BD:D0:96:60,-82
2025-11-24T11:05:31.765908,1763978727,SCAI,58:97:BD:D0:96:63,-83
2025-11-24T11:05:32.271827,1763978727,eduroam,58:97:BD:D0:96:62,-83
2025-11-24T11:05:32.670268,1763978727,eduroam,58:97:BD:CD:9C:62,-88
2025-11-24T11:05:33.235444,1763978727,ISCD,E8:65:D4:72:F9:69,-91
2025-11-24T11:06:07.928742,1763978764,PPIAdmin,04:D9:F5:74:E0:B0,-81
2025-11-24T11:06:08.424903,1763978764,CONGRES,58:97:BD:D0:96:61,-81
2025-11-24T11:06:09.043654,1763978764,SCAI,58:97:BD:D0:96:63,-81
2025-11-24T11:06:09.988875,1763978764,eduspot,58:97:BD:D0:96:60,-81
2025-11-24T11:06:10.555314,1763978764,eduroam,58:97:BD:D0:96:62,-83
2025-11-24T11:06:11.197099,1763978764,CONGRES,58:97:BD:07:D6:62,-84
2025-11-24T11:06:11.822419,1763978764,eduroam,E4:AA:5D:E9:D4:02,-93
2025-11-24T11:06:46.211328,1763978803,CONGRES,58:97:BD:D0:96:61,-79
2025-11-24T11:06:46.761328,1763978803,SCAI,58:97:BD:D0:96:63,-79
2025-11-24T11:06:47.331889,1763978803,eduspot,58:97:BD:D0:96:60,-80
2025-11-24T11:06:48.094851,1763978803,eduroam,58:97:BD:D0:96:62,-80
2025-11-24T11:06:48.872884,1763978803,TV Master SDI,FC:F1:36:16:50:47,-88
2025-11-24T11:07:23.045258,1763978840,eduroam,58:97:BD:D0:96:62,-81
2025-11-24T11:07:23.999348,1763978840,SCAI,58:97:BD:D0:96:63,-82
2025-11-24T11:07:24.642695,1763978840,PPIAdmin,04:D9:F5:74:E0:B0,-85
2025-11-24T11:07:26.066054,1763978840,CONGRES,58:97:BD:CD:9C:61,-89
2025-11-24T11:07:27.346464,1763978840,eduspot,58:97:BD:CD:9C:60,-91
2025-11-24T11:08:02.128932,1763978879,SCAI,58:97:BD:D0:96:63,-81
2025-11-24T11:08:03.129485,1763978879,eduspot,58:97:BD:D0:96:60,-82
2025-11-24T11:08:04.230906,1763978879,CONGRES,58:97:BD:D0:96:61,-82
2025-11-24T11:08:38.561370,1763978915,eduspot,58:97:BD:D0:96:60,-82
2025-11-24T11:08:39.256010,1763978915,eduroam,58:97:BD:D0:96:62,-82
2025-11-24T11:08:39.679857,1763978915,SCAI,58:97:BD:D0:96:63,-84
2025-11-24T11:08:40.293166,1763978915,CONGRES,58:97:BD:D0:96:61,-84
2025-11-24T11:08:40.896287,1763978915,PPIAdmin,04:D9:F5:74:E0:B0,-86
2025-11-24T11:08:41.546999,1763978915,ISCD,E8:65:D4:72:F9:69,-94
2025-11-24T11:09:15.499903,1763978952,SCAI,58:97:BD:D0:96:63,-82
2025-11-24T11:09:16.730459,1763978952,CONGRES,58:97:BD:D0:96:61,-83
2025-11-24T11:09:17.288920,1763978952,eduroam,58:97:BD:D0:96:62,-86
2025-11-24T11:09:17.658726,1763978952,eduspot,58:97:BD:CD:9C:60,-87
2025-11-24T11:09:18.683391,1763978952,eduroam,58:97:BD:CD:9C:62,-88
2025-11-24T11:09:19.672527,1763978952,PPIAdmin,04:D9:F5:74:E0:B0,-89
2025-11-24T11:09:20.539850,1763978952,SCAI,58:97:BD:CD:9C:63,-90
2025-11-24T11:09:54.644098,1763978991,CONGRES,58:97:BD:D0:96:61,-83
2025-11-24T11:09:55.643683,1763978991,SCAI,58:97:BD:D0:96:63,-83
2025-11-24T11:09:56.521788,1763978991,eduroam,58:97:BD:D0:96:62,-83
2025-11-24T11:09:56.875716,1763978991,eduspot,58:97:BD:D0:96:60,-84
2025-11-24T11:09:57.484953,1763978991,eduroam,58:97:BD:CD:9C:62,-86
2025-11-24T11:09:58.199357,1763978991,SCAI,58:97:BD:CD:9C:63,-87
2025-11-24T11:09:58.732294,1763978991,eduspot,58:97:BD:CD:9C:60,-88
2025-11-24T11:09:59.131803,1763978991,PPIAdmin,04:D9:F5:74:E0:B0,-94
2025-11-24T11:09:59.665465,1763978991,ISCD,E8:65:D4:72:F9:69,-94
2025-11-24T11:10:34.039916,1763979031,eduspot,58:97:BD:D0:96:60,-77
2025-11-24T11:10:34.361632,1763979031,CONGRES,58:97:BD:D0:96:61,-79
2025-11-24T11:10:34.874492,1763979031,SCAI,58:97:BD:D0:96:63,-80
2025-11-24T11:10:35.377638,1763979031,eduroam,58:97:BD:D0:96:62,-81
2025-11-24T11:10:36.098510,1763979031,CONGRES,58:97:BD:CD:9C:61,-88
2025-11-24T11:10:36.710261,1763979031,eduroam,58:97:BD:CD:9C:62,-92
2025-11-24T11:11:10.418789,1763979067,SCAI,58:97:BD:D0:96:63,-78
2025-11-24T11:11:11.536568,1763979067,eduspot,58:97:BD:D0:96:60,-79
2025-11-24T11:11:12.136795,1763979067,SCAI,58:97:BD:CD:9C:63,-87
2025-11-24T11:11:12.654438,1763979067,eduspot,58:97:BD:CD:9C:60,-90
2025-11-24T11:11:46.817274,1763979104,eduspot,58:97:BD:D0:96:60,-82
2025-11-24T11:11:48.189763,1763979104,eduroam,58:97:BD:D0:96:62,-82
2025-11-24T11:11:48.898317,1763979104,CONGRES,58:97:BD:D0:96:61,-82
2025-11-24T11:11:49.440671,1763979104,SCAI,58:97:BD:D0:96:63,-82
2025-11-24T11:11:49.836651,1763979104,PPIAdmin,04:D9:F5:74:E0:B0,-87
2025-11-24T11:11:50.648687,1763979104,SCAI,58:97:BD:CD:9C:63,-90
2025-11-24T11:20:41.934350,1763979639,eduroam,58:97:BD:D0:96:62,-84
2025-11-24T11:20:42.735124,1763979639,SCAI,E4:AA:5D:E9:D4:03,-90
2025-11-24T11:21:17.107632,1763979674,eduspot,58:97:BD:D0:96:60,-79
2025-11-24T11:21:18.269102,1763979674,eduroam,58:97:BD:D0:96:62,-79
2025-11-24T11:21:19.303225,1763979674,CONGRES,58:97:BD:D0:96:61,-80
2025-11-24T11:21:20.399154,1763979674,SCAI,58:97:BD:D0:96:63,-81
2025-11-24T11:21:21.611222,1763979674,PPIAdmin,04:D9:F5:74:E0:B0,-86
2025-11-24T11:21:22.397016,1763979674,ISCD,E8:65:D4:72:F9:69,-90
2025-11-24T11:21:56.544412,1763979713,eduspot,58:97:BD:D0:96:60,-78
2025-11-24T11:21:57.650728,1763979713,CONGRES,58:97:BD:D0:96:61,-78
2025-11-24T11:21:59.023656,1763979713,SCAI,58:97:BD:D0:96:63,-79
2025-11-24T11:22:00.563391,1763979713,eduroam,58:97:BD:D0:96:62,-79
2025-11-24T11:22:02.214016,1763979713,CONGRES,58:97:BD:CD:9C:61,-89
2025-11-24T11:22:36.822503,1763979753,eduspot,58:97:BD:D0:96:60,-80
2025-11-24T11:22:37.584273,1763979753,CONGRES,58:97:BD:D0:96:61,-81
2025-11-24T11:22:38.840841,1763979753,SCAI,58:97:BD:D0:96:63,-81
2025-11-24T11:22:39.758688,1763979753,SCAI,58:97:BD:CD:9C:63,-89
2025-11-24T11:22:40.696346,1763979753,eduroam,58:97:BD:CD:9C:62,-89
2025-11-24T11:22:41.458621,1763979753,PPIAdmin,04:D9:F5:74:E0:B0,-92
2025-11-24T11:23:15.432260,1763979792,eduspot,58:97:BD:D0:96:60,-80
2025-11-24T11:23:16.235576,1763979792,eduroam,58:97:BD:D0:96:62,-80
2025-11-24T11:23:17.263741,1763979792,CONGRES,58:97:BD:D0:96:61,-80
2025-11-24T11:23:18.190382,1763979792,SCAI,58:97:BD:D0:96:63,-80
2025-11-24T11:23:19.067854,1763979792,PPIAdmin,04:D9:F5:74:E0:B0,-85
2025-11-24T11:23:20.266981,1763979792,ISCD,E8:65:D4:72:F9:69,-94
2025-11-24T11:23:54.453861,1763979831,eduroam,58:97:BD:D0:96:62,-79
2025-11-24T11:23:55.028606,1763979831,eduspot,58:97:BD:D0:96:60,-80
2025-11-24T11:23:55.866123,1763979831,CONGRES,58:97:BD:D0:96:61,-80
2025-11-24T11:23:56.479580,1763979831,SCAI,58:97:BD:D0:96:63,-80
2025-11-24T11:24:31.117654,1763979868,CONGRES,58:97:BD:D0:96:61,-77
2025-11-24T11:24:32.335555,1763979868,SCAI,58:97:BD:D0:96:63,-78
2025-11-24T11:24:33.580862,1763979868,eduspot,58:97:BD:D0:96:60,-78
2025-11-24T11:24:34.507013,1763979868,eduroam,58:97:BD:D0:96:62,-79
2025-11-24T11:24:35.355540,1763979868,PPIAdmin,04:D9:F5:74:E0:B0,-85
2025-11-24T11:25:42.699153,1763979940,eduspot,58:97:BD:D0:96:60,-82
2025-11-24T11:25:43.809922,1763979940,CONGRES,58:97:BD:D0:96:61,-82
2025-11-24T11:25:44.811085,1763979940,SCAI,58:97:BD:D0:96:63,-82
2025-11-24T11:25:45.483760,1763979940,eduroam,58:97:BD:D0:96:62,-82
2025-11-24T11:26:19.955353,1763979976,CONGRES,58:97:BD:D0:96:61,-78
2025-11-24T11:26:20.674870,1763979976,eduroam,58:97:BD:D0:96:62,-78
2025-11-24T11:26:21.346071,1763979976,SCAI,58:97:BD:D0:96:63,-79
2025-11-24T11:26:22.244461,1763979976,eduspot,58:97:BD:D0:96:60,-79
2025-11-24T11:26:22.833936,1763979976,PPIAdmin,04:D9:F5:74:E0:B0,-84
2025-11-24T11:26:23.527431,1763979976,eduspot,58:97:BD:CD:9C:60,-89
2025-11-24T11:26:58.251223,1763980015,eduspot,58:97:BD:D0:96:60,-79
2025-11-24T11:27:00.798118,1763980015,eduroam,58:97:BD:D0:96:62,-80
2025-11-24T11:27:01.585429,1763980015,CONGRES,58:97:BD:D0:96:61,-80
2025-11-24T11:27:02.369025,1763980015,SCAI,58:97:BD:D0:96:63,-80
2025-11-24T11:27:03.281516,1763980015,PPIAdmin,04:D9:F5:74:E0:B0,-85
2025-11-24T11:27:03.875214,1763980015,CONGRES,58:97:BD:CD:9C:61,-89
2025-11-24T11:27:38.170239,1763980055,SCAI,58:97:BD:D0:96:63,-77
2025-11-24T11:27:39.037333,1763980055,eduspot,58:97:BD:D0:96:60,-78
2025-11-24T11:27:39.978857,1763980055,CONGRES,58:97:BD:D0:96:61,-79
2025-11-24T11:27:40.660636,1763980055,PPIAdmin,04:D9:F5:74:E0:B0,-83
2025-11-24T11:27:41.571025,1763980055,SCAI,58:97:BD:CD:9C:63,-88
2025-11-24T11:27:42.559237,1763980055,eduspot,58:97:BD:CD:9C:60,-90
2025-11-24T11:27:43.338265,1763980055,eduroam,58:97:BD:CD:9C:62,-92
2025-11-24T11:28:17.799541,1763980095,SCAI,58:97:BD:D0:96:63,-79
2025-11-24T11:28:18.428068,1763980095,eduspot,58:97:BD:D0:96:60,-79
2025-11-24T11:28:19.298779,1763980095,eduroam,58:97:BD:D0:96:62,-79
2025-11-24T11:28:19.955698,1763980095,CONGRES,58:97:BD:D0:96:61,-79
2025-11-24T11:28:20.387347,1763980095,PPIAdmin,04:D9:F5:74:E0:B0,-83
2025-11-24T11:28:21.087526,1763980095,CONGRES,58:97:BD:CD:9C:61,-89
2025-11-24T11:28:55.841152,1763980132,CONGRES,58:97:BD:D0:96:61,-78
2025-11-24T11:28:57.608198,1763980132,eduspot,58:97:BD:D0:96:60,-78
2025-11-24T11:28:58.690225,1763980132,SCAI,58:97:BD:D0:96:63,-78
2025-11-24T11:28:59.417145,1763980132,eduroam,58:97:BD:D0:96:62,-78
2025-11-24T11:29:00.152550,1763980132,PPIAdmin,04:D9:F5:74:E0:B0,-84
2025-11-24T11:29:34.332570,1763980171,eduroam,58:97:BD:D0:96:62,-78
2025-11-24T11:29:35.243681,1763980171,SCAI,58:97:BD:D0:96:63,-78
2025-11-24T11:29:36.238307,1763980171,eduspot,58:97:BD:D0:96:60,-79
2025-11-24T11:29:37.104572,1763980171,CONGRES,58:97:BD:D0:96:61,-79
2025-11-24T11:29:38.015400,1763980171,PPIAdmin,04:D9:F5:74:E0:B0,-83
2025-11-24T11:30:11.903715,1763980209,eduroam,58:97:BD:D0:96:62,-80
2025-11-24T11:30:12.884599,1763980209,SCAI,58:97:BD:D0:96:63,-80
2025-11-24T11:30:14.725469,1763980209,eduspot,58:97:BD:D0:96:60,-81
2025-11-24T11:30:15.490747,1763980209,CONGRES,58:97:BD:D0:96:61,-82
2025-11-24T11:30:16.648247,1763980209,PPIAdmin,04:D9:F5:74:E0:B0,-92
2025-11-24T11:31:23.994541,1763980281,eduroam,58:97:BD:D0:96:62,-79
2025-11-24T11:31:24.696058,1763980281,CONGRES,58:97:BD:D0:96:61,-80
2025-11-24T11:31:25.337172,1763980281,eduroam,58:97:BD:CD:9C:62,-89
2025-11-24T11:31:59.437280,1763980316,eduroam,58:97:BD:D0:96:62,-79
2025-11-24T11:32:00.227865,1763980316,SCAI,58:97:BD:D0:96:63,-80
2025-11-24T11:32:00.995045,1763980316,CONGRES,58:97:BD:D0:96:61,-80
2025-11-24T11:32:01.978235,1763980316,eduspot,58:97:BD:D0:96:60,-80
2025-11-24T11:32:02.500164,1763980316,CONGRES,58:97:BD:CD:9C:61,-84
2025-11-24T11:32:36.160607,1763980353,eduspot,58:97:BD:D0:96:60,-81
2025-11-24T11:32:36.720140,1763980353,SCAI,58:97:BD:D0:96:63,-85
2025-11-24T11:32:37.189117,1763980353,eduroam,58:97:BD:CD:9C:62,-88
2025-11-24T11:32:37.592690,1763980353,eduspot,58:97:BD:CD:9C:60,-88
2025-11-24T11:32:38.268626,1763980353,CONGRES,58:97:BD:CD:9C:61,-89
2025-11-24T11:33:12.302478,1763980389,eduspot,58:97:BD:D0:96:60,-81
2025-11-24T11:33:12.633855,1763980389,eduroam,58:97:BD:D0:96:62,-82
2025-11-24T11:33:13.272125,1763980389,SCAI,58:97:BD:D0:96:63,-82
2025-11-24T11:33:13.634560,1763980389,CONGRES,58:97:BD:D0:96:61,-83
2025-11-24T11:33:14.170647,1763980389,eduroam,58:97:BD:CD:9C:62,-87
2025-11-24T11:33:14.784737,1763980389,eduspot,58:97:BD:CD:9C:60,-87
2025-11-24T11:33:15.692744,1763980389,PPIAdmin,04:D9:F5:74:E0:B0,-93
2025-11-24T11:33:49.520280,1763980426,eduroam,58:97:BD:D0:96:62,-80
2025-11-24T11:33:49.866649,1763980426,SCAI,58:97:BD:D0:96:63,-80
2025-11-24T11:33:50.442836,1763980426,eduspot,58:97:BD:D0:96:60,-81
2025-11-24T11:33:50.956616,1763980426,CONGRES,58:97:BD:D0:96:61,-81
2025-11-24T11:33:51.477538,1763980426,PPIAdmin,04:D9:F5:74:E0:B0,-87
2025-11-24T11:33:52.399572,1763980426,eduroam,58:97:BD:CD:9C:62,-89
2025-11-24T11:34:26.542905,1763980463,eduspot,58:97:BD:D0:96:60,-81
2025-11-24T11:34:26.956406,1763980463,CONGRES,58:97:BD:D0:96:61,-81
2025-11-24T11:34:27.405450,1763980463,eduroam,58:97:BD:D0:96:62,-82
2025-11-24T11:34:28.311813,1763980463,SCAI,58:97:BD:D0:96:63,-82
2025-11-24T11:34:28.897342,1763980463,CONGRES,58:97:BD:CD:9C:61,-87
2025-11-24T11:34:29.839484,1763980463,PPIAdmin,04:D9:F5:74:E0:B0,-88
2025-11-24T11:34:30.142735,1763980463,eduspot,58:97:BD:CD:9C:60,-89
2025-11-24T11:35:04.044189,1763980501,eduspot,58:97:BD:D0:96:60,-82
2025-11-24T11:35:04.640314,1763980501,CONGRES,58:97:BD:D0:96:61,-82
2025-11-24T11:35:05.395462,1763980501,eduroam,58:97:BD:D0:96:62,-82
2025-11-24T11:35:05.999402,1763980501,SCAI,58:97:BD:D0:96:63,-82
2025-11-24T11:35:06.547369,1763980501,TV Master SDI,FC:F1:36:16:50:47,-85
2025-11-24T11:35:07.118215,1763980501,SCAI,58:97:BD:CD:9C:63,-85
2025-11-24T11:35:07.727485,1763980501,CONGRES,58:97:BD:CD:9C:61,-89
2025-11-24T11:35:08.074012,1763980501,eduspot,58:97:BD:CD:9C:60,-89
2025-11-24T11:35:08.739610,1763980501,eduroam,58:97:BD:CD:9C:62,-89
2025-11-24T11:35:09.241614,1763980501,PPIAdmin,04:D9:F5:74:E0:B0,-91
2025-11-24T11:35:43.145871,1763980540,eduroam,58:97:BD:D0:96:62,-82
2025-11-24T11:35:44.068118,1763980540,CONGRES,58:97:BD:D0:96:61,-82
2025-11-24T11:35:44.694576,1763980540,SCAI,58:97:BD:D0:96:63,-83
2025-11-24T11:35:45.189561,1763980540,eduspot,58:97:BD:D0:96:60,-83
2025-11-24T11:35:45.799651,1763980540,CONGRES,58:97:BD:CD:9C:61,-85
2025-11-24T11:35:46.226712,1763980540,SCAI,58:97:BD:CD:9C:63,-85
2025-11-24T11:35:46.740139,1763980540,ISCD,E8:65:D4:72:F9:79,-92
2025-11-24T11:36:20.721981,1763980578,CONGRES,58:97:BD:D0:96:61,-80
2025-11-24T11:36:21.397146,1763980578,eduspot,58:97:BD:D0:96:60,-81
2025-11-24T11:36:22.170216,1763980578,eduroam,58:97:BD:D0:96:62,-81
2025-11-24T11:36:22.895763,1763980578,SCAI,58:97:BD:D0:96:63,-81
2025-11-24T11:36:23.708899,1763980578,PPIAdmin,04:D9:F5:74:E0:B0,-86
2025-11-24T11:36:24.202425,1763980578,eduspot,58:97:BD:CD:9C:60,-88
2025-11-24T11:36:58.515075,1763980615,eduspot,58:97:BD:D0:96:60,-80
2025-11-24T11:36:59.490601,1763980615,SCAI,58:97:BD:D0:96:63,-80
2025-11-24T11:37:00.278639,1763980615,eduroam,58:97:BD:D0:96:62,-81
2025-11-24T11:37:00.806045,1763980615,CONGRES,58:97:BD:D0:96:61,-81
2025-11-24T11:37:01.642525,1763980615,TV Master SDI,FC:F1:36:16:50:47,-87
2025-11-24T11:37:02.558479,1763980615,PPIAdmin,04:D9:F5:74:E0:B0,-90
2025-11-24T11:37:36.623710,1763980654,CONGRES,58:97:BD:D0:96:61,-80
2025-11-24T11:37:37.418221,1763980654,SCAI,58:97:BD:D0:96:63,-82
2025-11-24T11:37:38.263247,1763980654,eduspot,58:97:BD:D0:96:60,-83
2025-11-24T11:37:39.220980,1763980654,eduroam,58:97:BD:D0:96:62,-84
2025-11-24T11:37:40.038626,1763980654,eduspot,58:97:BD:CD:9C:60,-95
2025-11-24T11:38:14.432175,1763980691,eduspot,58:97:BD:D0:96:60,-80
2025-11-24T11:38:15.221067,1763980691,eduroam,58:97:BD:D0:96:62,-81
2025-11-24T11:38:16.054446,1763980691,CONGRES,58:97:BD:D0:96:61,-81
2025-11-24T11:38:16.696805,1763980691,SCAI,58:97:BD:D0:96:63,-81
2025-11-24T11:38:17.750502,1763980691,PPIAdmin,04:D9:F5:74:E0:B0,-91
2025-11-24T11:38:52.495381,1763980729,eduspot,58:97:BD:D0:96:60,-82
2025-11-24T11:38:53.220068,1763980729,SCAI,58:97:BD:D0:96:63,-83
2025-11-24T11:38:54.159924,1763980729,CONGRES,58:97:BD:D0:96:61,-83
2025-11-24T11:38:55.911844,1763980729,eduroam,58:97:BD:D0:96:62,-83
2025-11-24T11:38:56.693765,1763980729,eduspot,58:97:BD:CD:9C:60,-86
2025-11-24T11:39:31.317650,1763980768,SCAI,58:97:BD:D0:96:63,-80
2025-11-24T11:39:32.659860,1763980768,eduspot,58:97:BD:D0:96:60,-81
2025-11-24T11:39:33.704085,1763980768,eduroam,58:97:BD:D0:96:62,-81
2025-11-24T11:39:35.164021,1763980768,CONGRES,58:97:BD:D0:96:61,-82
2025-11-24T11:39:35.992449,1763980768,CONGRES,58:97:BD:CD:9C:61,-88
2025-11-24T11:40:10.338439,1763980807,eduroam,58:97:BD:D0:96:62,-80
2025-11-24T11:40:11.149226,1763980807,eduspot,58:97:BD:D0:96:60,-80
2025-11-24T11:40:12.077984,1763980807,CONGRES,58:97:BD:D0:96:61,-80
2025-11-24T11:40:13.030521,1763980807,PPIAdmin,04:D9:F5:74:E0:B0,-87
2025-11-24T11:40:14.028359,1763980807,ISCD,E8:65:D4:72:F9:69,-93
2025-11-24T11:40:48.009627,1763980845,eduspot,58:97:BD:D0:96:60,-81
2025-11-24T11:40:48.537085,1763980845,eduroam,58:97:BD:D0:96:62,-81
2025-11-24T11:40:49.230303,1763980845,CONGRES,58:97:BD:D0:96:61,-81
2025-11-24T11:40:50.365345,1763980845,SCAI,58:97:BD:D0:96:63,-81
2025-11-24T11:40:51.392310,1763980845,CONGRES,58:97:BD:CD:9C:61,-88
2025-11-24T11:40:52.203651,1763980845,PPIAdmin,04:D9:F5:74:E0:B0,-90
2025-11-24T11:41:26.698110,1763980883,eduspot,58:97:BD:D0:96:60,-83
2025-11-24T11:41:27.421603,1763980883,SCAI,58:97:BD:D0:96:63,-83
2025-11-24T11:41:28.249484,1763980883,eduroam,58:97:BD:D0:96:62,-84
2025-11-24T11:41:28.837051,1763980883,CONGRES,58:97:BD:D0:96:61,-84
2025-11-24T11:41:30.007209,1763980883,eduroam,58:97:BD:CD:9C:62,-86
2025-11-24T11:41:30.600535,1763980883,CONGRES,58:97:BD:CD:9C:61,-86
2025-11-24T11:41:31.163295,1763980883,PPIAdmin,04:D9:F5:74:E0:B0,-95
2025-11-24T11:42:05.660938,1763980922,eduroam,58:97:BD:D0:96:62,-82
2025-11-24T11:42:06.602390,1763980922,CONGRES,58:97:BD:D0:96:61,-83
2025-11-24T11:42:07.200545,1763980922,eduspot,58:97:BD:D0:96:60,-83
2025-11-24T11:42:08.110795,1763980922,SCAI,58:97:BD:D0:96:63,-84
2025-11-24T11:42:09.285834,1763980922,CONGRES,58:97:BD:CD:9C:61,-87
2025-11-24T11:42:09.945448,1763980922,PPIAdmin,04:D9:F5:74:E0:B0,-89
2025-11-24T11:42:44.445115,1763980961,eduspot,58:97:BD:D0:96:60,-81
2025-11-24T11:42:45.167907,1763980961,SCAI,58:97:BD:D0:96:63,-81
2025-11-24T11:42:45.899082,1763980961,eduroam,58:97:BD:D0:96:62,-82
2025-11-24T11:42:46.786277,1763980961,CONGRES,58:97:BD:D0:96:61,-82
2025-11-24T11:42:48.629629,1763980961,eduspot,58:97:BD:CD:9C:60,-85
2025-11-24T11:42:49.807748,1763980961,PPIAdmin,04:D9:F5:74:E0:B0,-91
2025-11-24T11:43:23.816835,1763981001,eduroam,58:97:BD:D0:96:62,-80
2025-11-24T11:43:24.805236,1763981001,eduspot,58:97:BD:D0:96:60,-80
2025-11-24T11:43:25.740785,1763981001,CONGRES,58:97:BD:D0:96:61,-81
2025-11-24T11:43:26.616596,1763981001,SCAI,58:97:BD:D0:96:63,-81
2025-11-24T11:43:27.071315,1763981001,eduspot,58:97:BD:CD:9C:60,-91
2025-11-24T11:44:01.499573,1763981038,eduspot,58:97:BD:D0:96:60,-80
2025-11-24T11:44:02.365906,1763981038,eduroam,58:97:BD:D0:96:62,-80
2025-11-24T11:44:03.286309,1763981038,SCAI,58:97:BD:D0:96:63,-80
2025-11-24T11:44:03.920891,1763981038,CONGRES,58:97:BD:D0:96:61,-81
2025-11-24T11:44:05.045507,1763981038,PPIAdmin,04:D9:F5:74:E0:B0,-88
2025-11-24T11:44:39.980962,1763981076,eduspot,58:97:BD:D0:96:60,-84
2025-11-24T11:44:41.095922,1763981076,eduroam,58:97:BD:D0:96:62,-85
2025-11-24T11:44:42.096849,1763981076,SCAI,58:97:BD:D0:96:63,-85
2025-11-24T11:44:43.044301,1763981076,PPIAdmin,04:D9:F5:74:E0:B0,-91
2025-11-24T11:45:17.633481,1763981114,SCAI,58:97:BD:D0:96:63,-80
2025-11-24T11:45:18.693831,1763981114,eduspot,58:97:BD:D0:96:60,-80
2025-11-24T11:45:19.851727,1763981114,eduroam,58:97:BD:D0:96:62,-80
2025-11-24T11:45:21.472041,1763981114,CONGRES,58:97:BD:D0:96:61,-80
2025-11-24T11:45:55.832268,1763981153,eduspot,58:97:BD:D0:96:60,-80
2025-11-24T11:45:57.035866,1763981153,SCAI,58:97:BD:D0:96:63,-80
2025-11-24T11:45:57.993814,1763981153,eduroam,58:97:BD:D0:96:62,-81
2025-11-24T11:45:59.214916,1763981153,PPIAdmin,04:D9:F5:74:E0:B0,-88
2025-11-24T11:46:33.524397,1763981190,eduspot,58:97:BD:D0:96:60,-78
2025-11-24T11:46:34.641814,1763981190,eduroam,58:97:BD:D0:96:62,-79
2025-11-24T11:46:35.547142,1763981190,CONGRES,58:97:BD:D0:96:61,-79
2025-11-24T11:46:36.174041,1763981190,SCAI,58:97:BD:D0:96:63,-79
2025-11-24T11:46:36.889762,1763981190,PPIAdmin,04:D9:F5:74:E0:B0,-84
2025-11-24T11:46:37.500998,1763981190,CONGRES,58:97:BD:CD:9C:61,-88
2025-11-24T11:46:38.655795,1763981190,SCAI,58:97:BD:CD:9C:63,-89
2025-11-24T11:46:39.791633,1763981190,eduroam,58:97:BD:CD:9C:62,-90
2025-11-24T11:47:14.154703,1763981231,SCAI,58:97:BD:D0:96:63,-78
2025-11-24T11:47:14.902862,1763981231,eduspot,58:97:BD:D0:96:60,-78
2025-11-24T11:47:15.515995,1763981231,CONGRES,58:97:BD:D0:96:61,-78
2025-11-24T11:47:16.243976,1763981231,eduroam,58:97:BD:D0:96:62,-78
2025-11-24T11:47:17.025126,1763981231,CONGRES,58:97:BD:CD:9C:61,-87
2025-11-24T11:47:18.074605,1763981231,PPIAdmin,04:D9:F5:74:E0:B0,-87
2025-11-24T11:47:19.288422,1763981231,SCAI,58:97:BD:CD:9C:63,-88
2025-11-24T11:47:53.800207,1763981270,eduspot,58:97:BD:D0:96:60,-78
2025-11-24T11:47:55.166148,1763981270,CONGRES,58:97:BD:D0:96:61,-79
2025-11-24T11:47:56.353644,1763981270,SCAI,58:97:BD:D0:96:63,-79
2025-11-24T11:47:57.455666,1763981270,eduroam,58:97:BD:D0:96:62,-79
2025-11-24T11:47:59.426765,1763981270,CONGRES,58:97:BD:CD:9C:61,-85
2025-11-24T11:48:00.249241,1763981270,eduroam,58:97:BD:CD:9C:62,-91
2025-11-24T11:48:35.038219,1763981311,TV Master SDI,FC:F1:36:16:50:47,-85
2025-11-24T11:48:36.943554,1763981311,CONGRES,58:97:BD:D0:96:61,-85
2025-11-24T11:48:37.744625,1763981311,eduspot,58:97:BD:D0:96:60,-85
2025-11-24T11:48:38.599941,1763981311,eduroam,58:97:BD:D0:96:62,-86
2025-11-24T11:48:39.287671,1763981311,ISCD,E8:65:D4:72:F9:69,-92
2025-11-24T11:48:40.179359,1763981311,PPIAdmin,04:D9:F5:74:E0:B0,-94
2025-11-24T11:49:15.405584,1763981351,CONGRES,58:97:BD:D0:96:61,-81
2025-11-24T11:49:17.049279,1763981351,eduspot,58:97:BD:D0:96:60,-82
2025-11-24T11:49:18.188698,1763981351,SCAI,58:97:BD:D0:96:63,-82
2025-11-24T11:49:19.202620,1763981351,eduroam,58:97:BD:D0:96:62,-82
2025-11-24T11:49:20.134316,1763981351,SCAI,58:97:BD:CD:9C:63,-88
2025-11-24T11:49:21.167356,1763981351,PPIAdmin,04:D9:F5:74:E0:B0,-96
2025-11-24T11:49:55.360202,1763981392,eduroam,58:97:BD:D0:96:62,-82
2025-11-24T11:49:55.877208,1763981392,CONGRES,58:97:BD:D0:96:61,-82
2025-11-24T11:49:56.466565,1763981392,SCAI,58:97:BD:D0:96:63,-82
2025-11-24T11:49:57.207853,1763981392,eduspot,58:97:BD:D0:96:60,-82
2025-11-24T11:49:57.995930,1763981392,PPIAdmin,04:D9:F5:74:E0:B0,-90
2025-11-24T11:50:32.640250,1763981429,eduroam,58:97:BD:D0:96:62,-79
2025-11-24T11:50:33.470468,1763981429,eduspot,58:97:BD:D0:96:60,-80
2025-11-24T11:50:34.930573,1763981429,SCAI,58:97:BD:D0:96:63,-80
2025-11-24T11:50:36.174769,1763981429,CONGRES,58:97:BD:D0:96:61,-80
2025-11-24T11:50:37.115111,1763981429,eduspot,58:97:BD:CD:9C:60,-90
2025-11-24T11:50:37.936465,1763981429,PPIAdmin,04:D9:F5:74:E0:B0,-94
2025-11-24T11:51:12.328418,1763981469,eduroam,58:97:BD:D0:96:62,-76
2025-11-24T11:51:16.507206,1763981469,SCAI,58:97:BD:D0:96:63,-77
2025-11-24T11:51:17.172238,1763981469,eduspot,58:97:BD:D0:96:60,-77
2025-11-24T11:51:17.615343,1763981469,CONGRES,58:97:BD:D0:96:61,-77
2025-11-24T11:51:18.475938,1763981469,PPIAdmin,04:D9:F5:74:E0:B0,-85
2025-11-24T11:51:19.946686,1763981469,eduspot,58:97:BD:CD:9C:60,-89
2025-11-24T11:51:20.863187,1763981469,ISCD,E8:65:D4:72:F9:69,-93
2025-11-24T11:51:55.084083,1763981512,CONGRES,58:97:BD:D0:96:61,-75
2025-11-24T11:51:56.009884,1763981512,SCAI,58:97:BD:D0:96:63,-77
2025-11-24T11:51:56.733809,1763981512,eduspot,58:97:BD:D0:96:60,-78
2025-11-24T11:51:57.749817,1763981512,eduroam,58:97:BD:D0:96:62,-78
2025-11-24T11:51:58.946003,1763981512,CONGRES,58:97:BD:CD:9C:61,-86
2025-11-24T11:51:59.495019,1763981512,PPIAdmin,04:D9:F5:74:E0:B0,-87
2025-11-24T11:52:00.263679,1763981512,eduspot,E4:AA:5D:E9:D4:00,-91
2025-11-24T11:52:00.939952,1763981512,ISCD,E8:65:D4:72:F9:69,-92
2025-11-24T11:52:35.446720,1763981552,eduspot,58:97:BD:D0:96:60,-79
2025-11-24T11:52:36.171918,1763981552,eduroam,58:97:BD:D0:96:62,-79
2025-11-24T11:52:36.960080,1763981552,CONGRES,58:97:BD:D0:96:61,-79
2025-11-24T11:52:37.660842,1763981552,SCAI,58:97:BD:D0:96:63,-80
2025-11-24T11:52:38.146891,1763981552,eduspot,58:97:BD:CD:9C:60,-88
2025-11-24T11:52:38.798914,1763981552,PPIAdmin,04:D9:F5:74:E0:B0,-95
2025-11-24T11:53:13.000019,1763981590,eduroam,58:97:BD:D0:96:62,-81
2025-11-24T11:53:13.621367,1763981590,SCAI,58:97:BD:D0:96:63,-82
2025-11-24T11:53:14.878592,1763981590,eduspot,58:97:BD:D0:96:60,-82
2025-11-24T11:53:15.532061,1763981590,CONGRES,58:97:BD:D0:96:61,-83
2025-11-24T11:53:16.143614,1763981590,CONGRES,58:97:BD:CD:9C:61,-90
2025-11-24T11:53:17.524322,1763981590,SCAI,58:97:BD:CD:9C:63,-91
2025-11-24T11:53:52.119405,1763981629,CONGRES,58:97:BD:D0:96:61,-83
2025-11-24T11:53:52.736685,1763981629,eduspot,58:97:BD:D0:96:60,-83
2025-11-24T11:53:53.446586,1763981629,SCAI,58:97:BD:D0:96:63,-83
2025-11-24T11:53:56.534820,1763981629,eduroam,58:97:BD:D0:96:62,-84
2025-11-24T11:53:57.203324,1763981629,PPIAdmin,04:D9:F5:74:E0:B0,-87
2025-11-24T11:53:58.214624,1763981629,TV Master SDI,FC:F1:36:16:50:47,-90
2025-11-24T11:54:35.943796,1763981669,SCAI,58:97:BD:D0:96:63,-81
2025-11-24T11:54:36.643844,1763981669,CONGRES,58:97:BD:D0:96:61,-83
2025-11-24T11:54:37.355877,1763981669,eduspot,58:97:BD:D0:96:60,-84
2025-11-24T11:54:37.911854,1763981669,SCAI,58:97:BD:CD:9C:63,-87
2025-11-24T11:54:39.003723,1763981669,PPIAdmin,04:D9:F5:74:E0:B0,-87
2025-11-24T11:54:40.456408,1763981669,ISCD,E8:65:D4:72:F9:69,-94
2025-11-24T11:55:14.825167,1763981711,CONGRES,58:97:BD:D0:96:61,-83
2025-11-24T11:55:15.778155,1763981711,eduroam,58:97:BD:D0:96:62,-84
2025-11-24T11:55:19.834598,1763981711,eduspot,58:97:BD:D0:96:60,-85
2025-11-24T11:55:20.643040,1763981711,CONGRES,58:97:BD:CD:9C:61,-86
2025-11-24T11:55:21.856994,1763981711,PPIAdmin,04:D9:F5:74:E0:B0,-87
2025-11-24T11:55:59.672809,1763981753,eduroam,58:97:BD:D0:96:62,-81
2025-11-24T11:56:00.538682,1763981753,CONGRES,58:97:BD:D0:96:61,-81
2025-11-24T11:56:05.263440,1763981753,SCAI,58:97:BD:D0:96:63,-81
2025-11-24T11:56:06.152246,1763981753,eduspot,58:97:BD:D0:96:60,-81
2025-11-24T11:56:06.852446,1763981753,PPIAdmin,04:D9:F5:74:E0:B0,-90
2025-11-24T11:56:40.862834,1763981798,eduspot,58:97:BD:D0:96:60,-84
2025-11-24T11:56:41.777752,1763981798,PPIAdmin,04:D9:F5:74:E0:B0,-85
2025-11-24T11:56:42.482460,1763981798,CONGRES,58:97:BD:D0:96:61,-85
2025-11-24T11:56:42.797902,1763981798,eduroam,58:97:BD:D0:96:62,-85
2025-11-24T11:56:43.747873,1763981798,CONGRES,58:97:BD:CD:9C:61,-89
2025-11-24T11:56:44.640990,1763981798,ISCD,E8:65:D4:72:F9:69,-94
2025-11-24T11:57:18.625181,1763981835,eduroam,58:97:BD:D0:96:62,-84
2025-11-24T11:57:19.269322,1763981835,eduspot,58:97:BD:D0:96:60,-85
2025-11-24T11:57:20.897499,1763981835,CONGRES,58:97:BD:D0:96:61,-85
2025-11-24T11:57:21.433307,1763981835,SCAI,58:97:BD:D0:96:63,-86
2025-11-24T11:57:56.203420,1763981872,eduroam,58:97:BD:D0:96:62,-79
2025-11-24T11:57:56.731782,1763981872,eduspot,58:97:BD:D0:96:60,-82
2025-11-24T11:57:57.758138,1763981872,PPIAdmin,04:D9:F5:74:E0:B0,-88
2025-11-24T11:58:32.201274,1763981909,SCAI,58:97:BD:D0:96:63,-82
2025-11-24T11:58:33.126981,1763981909,eduspot,58:97:BD:D0:96:60,-83
2025-11-24T11:58:34.027800,1763981909,eduroam,58:97:BD:D0:96:62,-83
2025-11-24T11:58:34.882365,1763981909,CONGRES,58:97:BD:D0:96:61,-83
2025-11-24T11:58:35.852942,1763981909,PPIAdmin,04:D9:F5:74:E0:B0,-85
2025-11-24T11:58:37.117068,1763981909,eduroam,58:97:BD:CD:9C:62,-87
2025-11-24T11:59:11.506281,1763981948,TV Master SDI,FC:F1:36:16:50:47,-79
2025-11-24T11:59:12.427907,1763981948,eduroam,58:97:BD:D0:96:62,-80
2025-11-24T11:59:13.429687,1763981948,eduspot,58:97:BD:D0:96:60,-81
2025-11-24T11:59:14.395035,1763981948,CONGRES,58:97:BD:D0:96:61,-82
2025-11-24T11:59:14.973777,1763981948,eduroam,58:97:BD:CD:9C:62,-85
2025-11-24T11:59:15.630388,1763981948,eduspot,58:97:BD:CD:9C:60,-85
